claim_id,claim,claim_date,label,raw_label,source,author,detected_biases,bias_label,bias_confidence,bias_confidence_level
crp_0,"'Cow farts [methane emissions from cattle] are blamed for climate change, but there are bigger issues like people burning millions of tires in the deserts of Kuwait.'",2024-11-23,Refuted,refuted,claimreview2024plus,social media posts,,Attentional bias,0.1344,very_low
crp_1,'New study shows that climate change is greatly overestimated because oceans are cooling Earth far more than we thought.',2024-11-23,Refuted,refuted,claimreview2024plus,Social media users,"[{""bias"": ""Attentional bias"", ""confidence"": 0.3135}]",Attentional bias,0.3135,low
crp_2,'Climate change has only had 'positive effects' on global food production.',2024-10-20,Refuted,refuted,claimreview2024plus,Facebook user,,Attentional bias,0.1819,very_low
crp_3,'Cows' burps are a non-existent problem for climate change',2024-11-27,Refuted,refuted,claimreview2024plus,Nikolaj Kristensen,"[{""bias"": ""Attentional bias"", ""confidence"": 0.7347}]",Attentional bias,0.7347,high
crp_4,'The UK government is to fund “Bill Gates’ geoengineering experiments” to explore combatting global warming by cooling the earth.',2024-11-24,Misleading,misleading,claimreview2024plus,facebook user,"[{""bias"": ""curse of knowledge"", ""confidence"": 0.8041}]",curse of knowledge,0.8041,high
crp_5,'First-ever snowfall on record in the Al-Jouf (or Al-Jawf) desert in Saudi Arabia occurred in early November 2024.',2024-11-03,Refuted,refuted,claimreview2024plus,Social media user,"[{""bias"": ""hindsight bias"", ""confidence"": 0.3549}]",hindsight bias,0.3549,low
crp_6,'A staggering $41 billion has gone missing from the globalist World Bank’s Climate Change fund under the watch of Ajay Banga.',2024-10-28,Refuted,refuted,claimreview2024plus,Viral Social Media Post,"[{""bias"": ""Just-world hypothesis"", ""confidence"": 0.6094}]",Just-world hypothesis,0.6094,medium
crp_7,'Impact of human-induced CO2 is insignificant when compared to natural climate variations.',2024-11-10,Refuted,refuted,claimreview2024plus,Facebook users,"[{""bias"": ""Attentional bias"", ""confidence"": 0.3406}]",Attentional bias,0.3406,low
crp_8,'Rising CO2 and temperatures are behind the global boost in grain production over the last 60 years.',2024-10-28,Misleading,misleading,claimreview2024plus,Social media posts,"[{""bias"": ""Just-world hypothesis"", ""confidence"": 0.5982}]",Just-world hypothesis,0.5982,medium
crp_9,'A study into global warming proves it is a hoax.',2024-10-15,Refuted,refuted,claimreview2024plus,Facebook users,,Just-world hypothesis,0.0996,very_low
crp_10,"'HAARP is responsible for recent floods in Spain, New Mexico, and elsewhere.'",2024-10-30,Refuted,refuted,claimreview2024plus,Viral social media post,"[{""bias"": ""Availability heuristic"", ""confidence"": 0.557}]",Availability heuristic,0.557,medium
crp_11,'The World Economic Forum (WEF) demanded a ban on homegrown plants to check global warming.',2024-10-09,Refuted,refuted,claimreview2024plus,Twitter users,,Essentialism,0.2357,very_low
crp_12,'There were no hurricanes this season even despite forecasts for a high activity; it has been a light hurricane season.',2024-09-09,Misleading,misleading,claimreview2024plus,"Matt Walsh, Ben Shapiro",,Just-world hypothesis,0.2928,very_low
crp_13,'A Centers for Disease Control and Prevention study finds children who received the Pfizer covid vaccine are more likely to get covid infection than unvaccinated.',2025-01-03,Refuted,refuted,claimreview2024plus,instagram.com,,Just-world hypothesis,0.2555,very_low
crp_14,'Japan named COVID-19 mRNA vaccine the 'deadliest drug in history'',2024-11-12,Refuted,refuted,claimreview2024plus,X users,,curse of knowledge,0.2327,very_low
crp_15,"'The CEO of BioNTech, which developed a COVID-19 vaccine with Pfizer, did not get vaccinated.'",2024-12-19,Refuted,refuted,claimreview2024plus,Social media users,"[{""bias"": ""Just-world hypothesis"", ""confidence"": 0.7577}]",Just-world hypothesis,0.7577,high
crp_16,'Australian officials have warned that vaccine-linked turbo cancers will kill billions.',2024-12-13,Refuted,refuted,claimreview2024plus,social media users,,Just-world hypothesis,0.1535,very_low
crp_17,"“Ivermectin is a treatment after Covid and after vaccination, it is an effective medicine in all phases of Covid 19.”",2024-12-10,Refuted,refuted,claimreview2024plus,Facebook posts,,Pro-Innovation Bias,0.2006,very_low
crp_18,'RFK Jr's only statement on vaccines is that they need to be studied.',2024-12-10,Refuted,refuted,claimreview2024plus,Instagram user,"[{""bias"": ""curse of knowledge"", ""confidence"": 0.4909}]",curse of knowledge,0.4909,low
crp_19,'Vaccine researcher warned ‘multiple viruses will be unleashed’ in January',2024-12-04,Refuted,refuted,claimreview2024plus,Instagram users,,Availability heuristic,0.2123,very_low
crp_20,'South African trauma surgeon Dr Vicky Jennings die after suffering a sudden heart attack due to COVID19 vaccine',2024-12-12,Refuted,refuted,claimreview2024plus,facebook.com,"[{""bias"": ""Just-world hypothesis"", ""confidence"": 0.9624}]",Just-world hypothesis,0.9624,high
crp_21,“79.4% of babies who die of SIDS had a vaccine the same day”,2024-12-12,Refuted,refuted,claimreview2024plus,Jodie Meschuk,,Just-world hypothesis,0.2043,very_low
crp_22,'Kelly Powers died from 'turbo cancer' caused by the Covid-19 vaccine',2024-04-12,Refuted,refuted,claimreview2024plus,The People's Voice,"[{""bias"": ""Just-world hypothesis"", ""confidence"": 0.4693}]",Just-world hypothesis,0.4693,low
crp_23,'Recurring ear infections in children are a vaccine side effect.',2024-11-27,Refuted,refuted,claimreview2024plus,Instagram users,,Whole only effect,0.085,very_low
crp_24,'Dr. Anthony Fauci said that 72 mandatory childhood vaccines were never safety tested.',2024-12-06,Refuted,refuted,claimreview2024plus,thepeoplesvoice.tv,,Just-world hypothesis,0.2203,very_low
crp_25,"'Now Fauci admits that COVID vaccines cause MYOCARDlTlS, particularly in young men.'",2024-11-08,Refuted,refuted,claimreview2024plus,Facebook users,,Pro-Innovation Bias,0.1834,very_low
crp_26,'Zimbabwe's economic grew a steady 3-6%.',2024-11-02,Refuted,refuted,claimreview2024plus,Patrick Chinamasa,"[{""bias"": ""hindsight bias"", ""confidence"": 0.4166}]",hindsight bias,0.4166,low
crp_27,'Kamala Harris “destroyed our economy.”',2024-10-19,Refuted,refuted,claimreview2024plus,Donald Trump,"[{""bias"": ""hindsight bias"", ""confidence"": 0.4221}]",hindsight bias,0.4221,low
crp_28,"'A viral claim on X suggests that 159 out of 195 countries are to join a new BRICS settlement system, implying a significant shift toward BRICS dominance in the global economy and a movement away from the U.S. dollar.'",2024-10-23,Refuted,refuted,claimreview2024plus,Anna,,curse of knowledge,0.2214,very_low
crp_29,'There’s a £22 billion black hole in the economy.',2024-10-09,Misleading,misleading,claimreview2024plus,Keir Starmer,,Just-world hypothesis,0.263,very_low
crp_30,"'Within one year, our government has eliminated Boko Haram and bandit commanders faster than ever, over 300 as of the last count.'",2024-10-01,Not Enough Information,not enough information,claimreview2024plus,Nigerian president Bola Tinubu,,hindsight bias,0.2405,very_low
crp_31,'We have managed to keep our foreign reserves at $37 billion.',2024-10-01,Supported,supported,claimreview2024plus,Nigerian president Bola Tinubu,,hindsight bias,0.2384,very_low
crp_32,'We have reduced the debt service ratio from 97 % to 68 %.',2024-10-01,Not Enough Information,not enough information,claimreview2024plus,Nigerian president Bola Tinubu,"[{""bias"": ""hindsight bias"", ""confidence"": 0.3427}]",hindsight bias,0.3427,low
crp_33,'We inherited a reserve of over $33 billion 16 months ago.',2024-10-01,Refuted,refuted,claimreview2024plus,Nigerian president Bola Tinubu,"[{""bias"": ""hindsight bias"", ""confidence"": 0.5911}]",hindsight bias,0.5911,medium
crp_34,'Our country attracted foreign direct investments worth more than US$30 billion in the last year.',2024-10-01,Refuted,refuted,claimreview2024plus,Nigerian president Bola Tinubu,"[{""bias"": ""hindsight bias"", ""confidence"": 0.4392}, {""bias"": ""Availability heuristic"", ""confidence"": 0.3749}]",hindsight bias,0.4392,low
crp_35,'Our young people … constitute more than 60% of our population.',2024-10-01,Refuted,refuted,claimreview2024plus,Nigerian president Bola Tinubu,,Availability heuristic,0.1814,very_low
crp_36,'The Prime Minister inherited the fastest growing economy in the G7.',2024-09-04,Misleading,misleading,claimreview2024plus,Rishi Sunak,"[{""bias"": ""curse of knowledge"", ""confidence"": 0.3405}]",curse of knowledge,0.3405,low
crp_37,"'22 states failed to upload their Electoral College certifications, which are needed to certify election results on January 6, 2025.'",2025-01-06,Refuted,refuted,claimreview2024plus,threads.net,,Availability heuristic,0.1865,very_low
crp_38,'S. Korea's National Election Commission's falsehoods were revealed in court',2024-12-20,Refuted,refuted,claimreview2024plus,News and Post,,hindsight bias,0.0871,very_low
crp_39,'Clip shows Hasina congratulating Trump after 2024 US election',2024-11-11,Refuted,refuted,claimreview2024plus,Facebook users,,Availability heuristic,0.2521,very_low
crp_40,'Michelle Obama has urged Congress to recount election votes saying that the 2024 presidential election result was influenced by ‘Russian disinformation’.',2024-12-13,Refuted,refuted,claimreview2024plus,threads user,,Availability heuristic,0.173,very_low
crp_41,'ABP Opinion poll states BJP will win in the upcoming Delhi election.',2024-12-19,Refuted,refuted,claimreview2024plus,"Facebook,Twitter",,Pro-Innovation Bias,0.1686,very_low
crp_42,'‘One Nation One Election’ Bill got Lok Sabha nod',2024-12-19,Refuted,refuted,claimreview2024plus,Unknown,,Pro-Innovation Bias,0.1348,very_low
crp_43,"'A letter dated 7 October 2024, from the Swapo Party secretary general Sophia Shaningwa, reads that the party was ""fully relying"" on Electoral Commission of Namibia (ECN) chief legal officer, Heidi Jacobs, to ""once again deliver this election by whatever means necessary”. The letter goes on to state that the Swapo Party would pay Jacobs N$2 million to ""deliver"" the elections for the party.'",2024-12-16,Refuted,refuted,claimreview2024plus,Viral social media post,,curse of knowledge,0.1505,very_low
crp_44,'North Maluku politician will give out financial aid after winning election.',2024-12-03,Refuted,refuted,claimreview2024plus,"Felix NATHANIEL, AFP Indonesia",,Availability heuristic,0.1791,very_low
crp_45,'Oprah Winfrey Said She Is Leaving The US Over The 2024 Presidential Election Results',2024-12-13,Refuted,refuted,claimreview2024plus,facebook.com,,Just-world hypothesis,0.1785,very_low
crp_46,'Indian election commission said opposition candidate got 0 votes',2024-11-25,Refuted,refuted,claimreview2024plus,Varsha Eknath Gaikwad,"[{""bias"": ""Just-world hypothesis"", ""confidence"": 0.5925}]",Just-world hypothesis,0.5925,medium
crp_47,"'India Today magazine's cover dated Nov 23 featured Rahul Gandhi with a title: ""Maha-Raja of Mishap"" after Congress defeat in Maharashtra elections.'",2024-11-25,Refuted,refuted,claimreview2024plus,Viral Social Media Post,"[{""bias"": ""hindsight bias"", ""confidence"": 0.3928}]",hindsight bias,0.3928,low
crp_48,'Kurt Russell quote saying Biden cheated election',2024-12-05,Refuted,refuted,claimreview2024plus,TrumpRealDaily (X user),"[{""bias"": ""Availability heuristic"", ""confidence"": 0.3611}]",Availability heuristic,0.3611,low
crp_49,'Jason Momoa Said He Is Leaving the U.S. In Response To The 2024 U.S. Presidential Election Results',2024-12-05,Refuted,refuted,claimreview2024plus,facebook.com,"[{""bias"": ""Just-world hypothesis"", ""confidence"": 0.3688}]",Just-world hypothesis,0.3688,low
crp_50,'Cristiano Ronaldo has converted to Islam.',2024-12-24,Refuted,refuted,claimreview2024plus,Unknown,,clustering illusion,0.2589,very_low
crp_51,'UnitedHealthcare uses an artificial intelligence (AI) tool with a 90% error rate to deny insurance claims.',2024-12-13,Not Enough Information,not enough information,claimreview2024plus,Clarkson Law Firm,,Just-world hypothesis,0.2956,very_low
crp_52,"'Facebook users must post a statement on their profiles to bar Meta and its generative artificial intelligence (AI) models from using their “photos, information, messages or posts, past or future.”'",2024-12-10,Refuted,refuted,claimreview2024plus,Dave Anthony,,clustering illusion,0.2105,very_low
crp_53,'Swiss church is having confessions heard by ‘AI Jesus’',2024-11-20,Refuted,refuted,claimreview2024plus,Facebook users,"[{""bias"": ""curse of knowledge"", ""confidence"": 0.3677}]",curse of knowledge,0.3677,low
crp_54,'A video shows a life-like AI robot strolling through public areas in China.',2024-11-05,Refuted,refuted,claimreview2024plus,Social Media Users,,Availability heuristic,0.2795,very_low
crp_55,'There is a statement one can post that will prevent Meta AI from collecting your data',2024-10-14,Refuted,refuted,claimreview2024plus,Klara Širovnik,,Omission bias,0.2193,very_low
crp_56,"'By posting a statement on Facebook or Instagram that begins with ""Goodbye Meta AI,"" users are blocking the company from scraping their data to train artificial-intelligence tools.'",2024-09-27,Refuted,refuted,claimreview2024plus,social media users,,Bandwagon effect,0.132,very_low
crp_57,'Sudha Murthy endorsed an online investment app.',2024-09-26,Refuted,refuted,claimreview2024plus,Unknown,"[{""bias"": ""hindsight bias"", ""confidence"": 0.4826}]",hindsight bias,0.4826,low
crp_58,'Bill Gates is planning to weaponize AI to silence anyone opposing his vaccine.',2024-09-21,Refuted,refuted,claimreview2024plus,social media users,,Exaggerated expectation bias,0.2402,very_low
crp_59,'Bangladesh Chief Adviser Muhammad Yunus announced his retirement.',2024-09-23,Refuted,refuted,claimreview2024plus,Unknown,"[{""bias"": ""hindsight bias"", ""confidence"": 0.3453}]",hindsight bias,0.3453,low
crp_60,“It is estimated that 121 million Africans are facing severe acute food insecurity.”,2024-03-01,Misleading,misleading,claimreview2024plus,Kenyan foreign minister Musalia Mudavadi,,Just-world hypothesis,0.2065,very_low
crp_61,“There are more cases of food insecurity and hunger in South Africa today than there were in 1994.”,2024-01-01,Not Enough Information,not enough information,claimreview2024plus,South African political party Rise Mzansi,,curse of knowledge,0.142,very_low
crp_62,"'Renewable energy isn’t green; by 2050, 78 million metric tonnes of solar panels will reach the end of their lives and can't be recycled.'",2024-09-29,Misleading,misleading,claimreview2024plus,Ben Fordham,,Just-world hypothesis,0.2681,very_low
crp_63,"'The government has secured a record-breaking number of clean energy projects in the latest renewables auction, after “Labour came in and fixed” last year’s failed auction.'",2024-09-03,Misleading,misleading,claimreview2024plus,Ed Miliband,"[{""bias"": ""clustering illusion"", ""confidence"": 0.38}]",clustering illusion,0.38,low
crp_64,Kamala Harris cast the deciding vote for the so-called Inflation Reduction Act that sent a lot of our resources to China.”,2024-08-07,Refuted,refuted,claimreview2024plus,Vance,,Outcome bias,0.1054,very_low
crp_65,"“Our electricity generation is almost 95% renewable, from geothermal, hydro, wind, and solar energy.”",2024-05-01,Refuted,refuted,claimreview2024plus,Kenyan president William Ruto,"[{""bias"": ""curse of knowledge"", ""confidence"": 0.4731}]",curse of knowledge,0.4731,low
crp_66,"'Sweden, France, Finland, the UK and Germany have abandoned renewable energy.'",2024-05-22,Refuted,refuted,claimreview2024plus,Social media users,"[{""bias"": ""curse of knowledge"", ""confidence"": 0.4928}]",curse of knowledge,0.4928,low
crp_67,'More than 100% of Scotland’s electricity needs come from renewable sources.',2024-05-31,Supported,supported,claimreview2024plus,John Swinney,,curse of knowledge,0.1412,very_low
crp_68,"'Liquefied natural gas offers significant environmental advantages over traditional fossil fuels contributing to reduced greenhouse gas emissions, combating climate change, improving air quality and enhancing public health, making it the ideal transition fuel to a renewable energy future.'",2024-03-08,Misleading,misleading,claimreview2024plus,Aboitiz Power Corp. and San Miguel Global Power Corp.,"[{""bias"": ""curse of knowledge"", ""confidence"": 0.313}]",curse of knowledge,0.313,low
crp_69,"'Lok Sabha passed bills related ‘One Nation, One Election’ on December 17, 2024.'",2024-12-17,Misleading,misleading,claimreview2024plus,social media users,"[{""bias"": ""hindsight bias"", ""confidence"": 0.3159}]",hindsight bias,0.3159,low
crp_70,Coal plant construction shows CO2 doesn't cause climate change,2025-01-14,Refuted,refuted,claimreview2024plus,Facebook users,"[{""bias"": ""Attentional bias"", ""confidence"": 0.3915}]",Attentional bias,0.3915,low
crp_71,New study shows that climate change is greatly overestimated because oceans are cooling Earth far more than we thought,2024-12-10,Refuted,refuted,claimreview2024plus,people online,,Attentional bias,0.2187,very_low
crp_72,Video shows former Delhi Chief Minister Arvind Kejriwal admitting that he won’t clean the Yamuna River because it won’t help him win the upcoming 2025 Delhi assembly elections.,2024-12-29,Misleading,misleading,claimreview2024plus,social media users,"[{""bias"": ""Omission bias"", ""confidence"": 0.3271}]",Omission bias,0.3271,low
crp_73,2021 photo of former PM Manmohan Singh shared on social media as his last picture from Delhi’s AIIMS,2024-12-30,Refuted,refuted,claimreview2024plus,Indian Express Lighthouse Journalism,,Availability heuristic,0.288,very_low
crp_74,A GMA News report shows cardiologist and online health personality Dr. Willie Ong endorsing a hypertension cure.,2024-12-02,Refuted,refuted,claimreview2024plus,GMA News,"[{""bias"": ""curse of knowledge"", ""confidence"": 0.7272}]",curse of knowledge,0.7272,high
crp_75,The FDA stated that there is no scientific evidence that mpox exists.,2024-08-28,Refuted,refuted,claimreview2024plus,Slay News,,curse of knowledge,0.1244,very_low
crp_76,"This picture shows the December 22 plane crash in Gramado, Brazil, that killed 10 members of a business family.",2024-12-24,Refuted,refuted,claimreview2024plus,Social Media Users,"[{""bias"": ""Availability heuristic"", ""confidence"": 0.374}]",Availability heuristic,0.374,low
crp_77,"Wind turbines are a colossal failure for the environment. So, they bury the evidence",2024-12-30,Refuted,refuted,claimreview2024plus,Facebook Users,"[{""bias"": ""Normalcy bias"", ""confidence"": 0.9066}]",Normalcy bias,0.9066,high
crp_78,"'A photo shared online on Nov. 7, 2024, shows Hillary Clinton and Kamala Harris after the latter's 2024 presidential election loss.'",2024-12-07,Not Enough Information,not enough information,claimreview2024plus,Reddit user u/This__is-,"[{""bias"": ""hindsight bias"", ""confidence"": 0.4509}]",hindsight bias,0.4509,low
crp_79,'A period of great change in technology Artificial Intelligence (AI) based domestic robot Optimus cut Elon Musk's hair. That too perfectly and on time. There was also a feedback exchange after the haircut. Welcome to the new world of Artificial Intelligence and Robotics.',2024-12-20,Refuted,refuted,claimreview2024plus,Unknown,"[{""bias"": ""Outcome bias"", ""confidence"": 0.5233}]",Outcome bias,0.5233,medium
crp_80,'There is a lovely photo of Sania Mirza with Mohammed Shami in Dubai.',2024-12-23,Refuted,refuted,claimreview2024plus,Unknown,,Availability heuristic,0.2159,very_low
crp_81,"'Photograph documents an actual mask used to block AI-based facial recognition “from all angles.""'",2024-10-01,Supported,supported,claimreview2024plus,Jip van Leeuwenstein,"[{""bias"": ""clustering illusion"", ""confidence"": 0.3829}]",clustering illusion,0.3829,low
crp_82,'A photo circulating on social media for years showed a 37-million-year-old fossilized whale skeleton discovered in Egypt.',2024-08-03,Supported,supported,claimreview2024plus,social media users,"[{""bias"": ""Availability heuristic"", ""confidence"": 0.4085}]",Availability heuristic,0.4085,low
crp_83,'Visa image posted to social media belong to Cybertruck Trump hotel bomber.',2025-01-02,Refuted,refuted,claimreview2024plus,Unknown,"[{""bias"": ""Just-world hypothesis"", ""confidence"": 0.3228}]",Just-world hypothesis,0.3228,low
crp_84,"'Harbhajan Singh’s daughter identified as Virat Kohli’s child, 2017",2025-01-01,Refuted,refuted,claimreview2024plus,Unknown,"[{""bias"": ""Availability heuristic"", ""confidence"": 0.3147}]",Availability heuristic,0.3147,low
crp_85,'Man travelled 250 km hiding between wheels of train; details inside',2024-12-31,Refuted,refuted,claimreview2024plus,Unknown,,Outcome bias,0.2831,very_low
crp_86,'There's a wall in Antarctica that planes cannot cross because it separates the earth from secret societies of the rich.',2024-02-26,Refuted,refuted,claimreview2024plus,tiktok.com,"[{""bias"": ""Risk Compensation"", ""confidence"": 0.3269}]",Risk Compensation,0.3269,low
crp_87,"'Screenshot of ETV Bharat report stating that the Supreme Court of India did not allow members of the Valmiki Samaj to enter, claiming that their presence would render the court impure.'",2024-08-23,Refuted,refuted,claimreview2024plus,ETV Bharat,,Availability heuristic,0.1893,very_low
crp_88,"Molly Shannon: Catholicism is a cancer, destroying the progressive society we built.”",2024-10-19,Refuted,refuted,claimreview2024plus,Facebook users,"[{""bias"": ""Essentialism"", ""confidence"": 0.3064}]",Essentialism,0.3064,low
crp_89,'A viral photograph in April 2024 depicts environmental activist Greta Thunberg being arrested at a protest.',2024-04-11,Refuted,refuted,claimreview2024plus,X user @OldRowSwig,"[{""bias"": ""Availability heuristic"", ""confidence"": 0.7068}]",Availability heuristic,0.7068,high
crp_90,"'Heavy israeli strikes on Damascus, Tartous and Homs in Syria. One of the strikes targeted the Scientific Research Center in Masyaf as the picture shows.'",2024-09-10,Misleading,misleading,claimreview2024plus,x.com,"[{""bias"": ""Availability heuristic"", ""confidence"": 0.3345}]",Availability heuristic,0.3345,low
crp_91,'This image authentically shows drones delivering relief materials to those stranded in floods.',2024-09-12,Refuted,refuted,claimreview2024plus,x.com,"[{""bias"": ""Availability heuristic"", ""confidence"": 0.3355}]",Availability heuristic,0.3355,low
crp_92,'Every American can slash their electricity bill by 90% using this revolutionary technology (Pro Power Save).',2024-09-09,Refuted,refuted,claimreview2024plus,Social media users,"[{""bias"": ""Pro-Innovation Bias"", ""confidence"": 0.5258}]",Pro-Innovation Bias,0.5258,medium
crp_93,Pictures show that Ambedkar’s photo was placed on opposition benches in Parliament,2024-12-25,Refuted,refuted,claimreview2024plus,Unknown,"[{""bias"": ""curse of knowledge"", ""confidence"": 0.3387}]",curse of knowledge,0.3387,low
crp_94,'A picture shows Syria’s former president Bashar al-Assad in Moscow with American conservative political commentator Tucker Carlson.',2024-12-11,Refuted,refuted,claimreview2024plus,X user,"[{""bias"": ""curse of knowledge"", ""confidence"": 0.5762}]",curse of knowledge,0.5762,medium
crp_95,"'Image shows an auto rickshaw with a political graffiti saying, ""Drive Kejriwal away from Delhi.""'",2024-10-29,Refuted,refuted,claimreview2024plus,BJP Delhi,"[{""bias"": ""curse of knowledge"", ""confidence"": 0.7958}]",curse of knowledge,0.7958,high
crp_96,'A memo McDonald’s sent to employees about political involvement after former U.S. President Donald Trump held a campaign event at one of the fast-food chain's restaurants.',2024-10-21,Supported,supported,claimreview2024plus,Kamala Harris,,hindsight bias,0.2705,very_low
crp_97,"""Sen. Vance has said that there's a climate problem in the past. Donald Trump called it (climate change) a hoax and then joked that these things would make more beachfront property to be able to invest in.""",2024-10-01,Supported,supported,claimreview2024plus,Donald Trump,"[{""bias"": ""Bias blind spot"", ""confidence"": 0.3547}]",Bias blind spot,0.3547,low
crp_98,'COVID vaccines are being used to beat cancer.',2024-03-08,Supported,supported,claimreview2024plus,Joe Biden,,curse of knowledge,0.2906,very_low
crp_99,'Government shutdowns in 2013 and 2018 “cost our economy billions of dollars each.”',2024-12-18,Supported,supported,claimreview2024plus,Sara Jacobs,"[{""bias"": ""Availability heuristic"", ""confidence"": 0.385}, {""bias"": ""hindsight bias"", ""confidence"": 0.3413}]",Availability heuristic,0.385,low
crp_100,"'Since the end of the Cold War in 1989, Democratic presidents created 50 million of the 51 million jobs added to the economy between then and July 2024.'",2024-09-10,Supported,supported,claimreview2024plus,Former U.S. President Bill Clinton,"[{""bias"": ""hindsight bias"", ""confidence"": 0.4404}]",hindsight bias,0.4404,low
crp_101,"""Homeownership is now out of reach unless you make over $106,000.""",2024-07-16,Supported,supported,claimreview2024plus,Patty Murray,,Attentional bias,0.1357,very_low
crp_102,"'During former U.S. President Donald Trump's term in office, the U.S. suffered the lowest job growth and highest unemployment rate since the Great Depression.'",2024-03-05,Supported,supported,claimreview2024plus,Biden-Harris HQ,"[{""bias"": ""Just-world hypothesis"", ""confidence"": 0.5381}]",Just-world hypothesis,0.5381,medium
crp_103,'Cote d’Ivoire’s GDP better than Ghana’s over the last 3 years',2024-02-24,Supported,supported,claimreview2024plus,Abdul-Rashid Hasan Pelpuo,"[{""bias"": ""Availability heuristic"", ""confidence"": 0.5574}]",Availability heuristic,0.5574,medium
crp_104,"""(The) top issue for college students is the economy.""",2024-01-21,Supported,supported,claimreview2024plus,Scott Walker,,curse of knowledge,0.2297,very_low
crp_105,"'In a 2004 interview on CNN, Donald Trump said, ""The economy does better under the Democrats than the Republicans.""'",2023-12-29,Supported,supported,claimreview2024plus,Donald Trump,"[{""bias"": ""Essentialism"", ""confidence"": 0.3993}, {""bias"": ""hindsight bias"", ""confidence"": 0.3539}]",Essentialism,0.3993,low
crp_106,'Russian state TV aired nude photos of Melania Trump shortly after the 2024 U.S. presidential election.',2024-11-12,Supported,supported,claimreview2024plus,X user @krassenstein,"[{""bias"": ""Availability heuristic"", ""confidence"": 0.3571}]",Availability heuristic,0.3571,low
crp_107,"'Prior to the U.S. presidential election on Nov. 5, 2024, a FEMA official instructed relief workers to skip past homes of residents with pro-Donald Trump signs in their front yards.'",2024-11-11,Supported,supported,claimreview2024plus,The Daily Wire,"[{""bias"": ""curse of knowledge"", ""confidence"": 0.4282}]",curse of knowledge,0.4282,low
crp_108,"'Following the 2024 election of U.S. President-elect Donald Trump, demonstrators at Texas State University carried signs reading ""Women are property"" and ""Homo sex is a sin.""'",2024-11-08,Supported,supported,claimreview2024plus,"Texas State's student newspaper, The University Star.","[{""bias"": ""Essentialism"", ""confidence"": 0.4195}]",Essentialism,0.4195,low
crp_109,"'Technical problems prevented the electronic scanning of ballots in Cambria County, Pennsylvania, necessitating an extension of voting hours on Election Day 2024.'",2024-11-05,Supported,supported,claimreview2024plus,Facebook users,"[{""bias"": ""Just-world hypothesis"", ""confidence"": 0.8087}]",Just-world hypothesis,0.8087,high
crp_110,"'A U.S. presidential election ballots being saved from a ballot drop box fire in Vancouver, Washington, in late October 2024.'",2024-10-29,Supported,supported,claimreview2024plus,Pup5581 on Reddit,,curse of knowledge,0.2913,very_low
crp_111,'The US stock market tends to rise regardless of which party wins.',2024-11-07,Supported,supported,claimreview2024plus,Unknown,,curse of knowledge,0.1324,very_low
crp_112,'Russian leader Vladimir Putin endorsed Democratic nominee Kamala Harris in September 2024 in the buildup to the U.S. presidential election.',2024-09-12,Supported,supported,claimreview2024plus,Donald Trump,,hindsight bias,0.265,very_low
crp_113,'Amazon Alexa provided an answer to the question of why someone should vote for Vice President Kamala Harris in the 2024 U.S. presidential election but declined to answer the same question about former President Donald Trump.',2024-09-04,Supported,supported,claimreview2024plus,John Rich,"[{""bias"": ""Bias blind spot"", ""confidence"": 0.4415}]",Bias blind spot,0.4415,low
crp_114,"“We’ve had 12 elections in 24 years in Wisconsin that have been decided by less than 30,000 votes.”",2024-03-06,Supported,supported,claimreview2024plus,Brian Schimming,"[{""bias"": ""hindsight bias"", ""confidence"": 0.4706}]",hindsight bias,0.4706,low
crp_115,'Former Black Lives Matter Rhode Island leader Mark Fisher endorsed former U.S. President Donald Trump for the 2024 presidential election.',2023-11-28,Supported,supported,claimreview2024plus,Mark Fisher,"[{""bias"": ""curse of knowledge"", ""confidence"": 0.3113}]",curse of knowledge,0.3113,low
crp_116,"""Pokémon GO"" developer Niantic used location-based player data to build an artificial intelligence navigation system.",2024-11-30,Supported,supported,claimreview2024plus,Niantic's official website,"[{""bias"": ""curse of knowledge"", ""confidence"": 0.7308}]",curse of knowledge,0.7308,high
crp_117,"'Gemini, Google’s artificial intelligence chatbot, told a college student, “please die.”'",2024-11-19,Supported,supported,claimreview2024plus,Dhersie,"[{""bias"": ""clustering illusion"", ""confidence"": 0.329}, {""bias"": ""curse of knowledge"", ""confidence"": 0.3159}]",clustering illusion,0.329,low
crp_118,"'Gaza has “the highest number of people facing catastrophic hunger ever recorded by the Integrated Food Security Classification system — anywhere, anytime.”'",2024-03-18,Supported,supported,claimreview2024plus,António Guterres,"[{""bias"": ""Availability heuristic"", ""confidence"": 0.3906}]",Availability heuristic,0.3906,low
crp_119,'Government requires more personal info from business owners',2024-01-17,Supported,supported,claimreview2024plus,Unknown,,Bandwagon effect,0.1263,very_low
crp_120,'A meme shared to social media describes various translations of the word “MAGA.”',2024-12-05,Supported,supported,claimreview2024plus,social media users,,Availability heuristic,0.2517,very_low
crp_121,'A photograph taken by NASA and showing the planet Jupiter.',2024-11-08,Supported,supported,claimreview2024plus,Reddit u/Correct_Presence_936,,Availability heuristic,0.2498,very_low
crp_122,'A photograph circulating on social media shows a close-up view of a humpback whale’s eye.',2024-11-06,Supported,supported,claimreview2024plus,Rachel Moore,"[{""bias"": ""Availability heuristic"", ""confidence"": 0.4609}]",Availability heuristic,0.4609,low
crp_123,"'A ""giant horse conch"" discovered in the waters of the Gulf of Mexico.'",2024-10-28,Supported,supported,claimreview2024plus,Facebook user Earth Glorious,"[{""bias"": ""Availability heuristic"", ""confidence"": 0.4038}, {""bias"": ""hindsight bias"", ""confidence"": 0.3189}]",Availability heuristic,0.4038,low
crp_124,'A 500-year-old teenage mummy preserved during the Incan Empire 500 years ago.',2024-08-07,Supported,supported,claimreview2024plus,Reddit users,"[{""bias"": ""hindsight bias"", ""confidence"": 0.5972}]",hindsight bias,0.5972,medium
crp_125,'Princess Diana and Mother Teresa holding hands in 1997.',2024-07-25,Supported,supported,claimreview2024plus,Instagram user @historyphotographed,,Availability heuristic,0.2306,very_low
crp_126,"'Ancestry.com listed a Joseph Robinette Biden Jr. as having died in Guantánamo, Cuba, in 2018.'",2024-06-13,Supported,supported,claimreview2024plus,X users,"[{""bias"": ""Just-world hypothesis"", ""confidence"": 0.3409}]",Just-world hypothesis,0.3409,low
crp_127,"'Images shared on social media showed a mailer sent to voters in Texas ahead of a May 28, 2024, runoff election reading, in part: ""Your neighbors are watching and will know if you miss this critical runoff election"" and ""please don't make us report you to President Trump!""'",2024-05-29,Supported,supported,claimreview2024plus,America First Conservatives Election Center,"[{""bias"": ""curse of knowledge"", ""confidence"": 0.3554}]",curse of knowledge,0.3554,low
crp_128,'Children under 14 in Florida could be kicked off some social media.',2024-04-11,Supported,supported,claimreview2024plus,Unknown,,Exaggerated expectation bias,0.227,very_low
crp_129,'Social media users stated KitKat was selling chocolate Ramadan characters during Easter 2024.',2024-03-28,Supported,supported,claimreview2024plus,social media users,"[{""bias"": ""Availability heuristic"", ""confidence"": 0.7993}]",Availability heuristic,0.7993,high
crp_130,"'Each one of those shots is billed as a medical advance. So, our children should be healthier than ever. But the opposite is true.'",2024-09-08,Misleading,misleading,claimreview2024plus,x.com,,Reactance,0.1575,very_low
crp_131,'Picture shows Donald Trump recently invited a Hindu priest to recite Vedic hymns at the White House.',2024-11-08,Misleading,misleading,claimreview2024plus,"Facebook, X users","[{""bias"": ""curse of knowledge"", ""confidence"": 0.3065}]",curse of knowledge,0.3065,low
crp_132,'This picture was taken 3 HOURS ago of people lined up to see Trump at MSG.',2024-10-31,Misleading,misleading,claimreview2024plus,x.com,"[{""bias"": ""hindsight bias"", ""confidence"": 0.483}]",hindsight bias,0.483,low
crp_133,'Burger King mocked McDonald's with this advert in response to Donald Trump's visit to a McDonald's restaurant.',2024-10-25,Misleading,misleading,claimreview2024plus,The London Economic,"[{""bias"": ""hindsight bias"", ""confidence"": 0.3492}]",hindsight bias,0.3492,low
crp_134,'Visuals of Akhilesh Yadav recently meeting the Prime Minister during the 2024 Lok Sabha elections.',2024-05-11,Misleading,misleading,claimreview2024plus,social media users,,clustering illusion,0.2025,very_low
crp_135,'These viral photos show Kumbhakarna’s sword from the Ramayana period.',2024-10-07,Refuted,refuted,claimreview2024plus,social media users,,curse of knowledge,0.2823,very_low
crp_136,'An image shared to social media in December 2023 depicts the sun.',2023-12-12,Supported,supported,claimreview2024plus,X users,"[{""bias"": ""hindsight bias"", ""confidence"": 0.5327}, {""bias"": ""Availability heuristic"", ""confidence"": 0.328}]",hindsight bias,0.5327,medium
crp_137,"'Thomas Crooks, the 20-year-old man who attempted to assassinate former U.S. President Donald Trump, once donated money to a political action committee aligned with the Democratic Party.'",2024-07-15,Supported,supported,claimreview2024plus,X users,"[{""bias"": ""clustering illusion"", ""confidence"": 0.5018}]",clustering illusion,0.5018,medium
crp_138,'You are required to mark a political party on your primary ballot envelope.',2024-02-24,Supported,supported,claimreview2024plus,YouTube,,hard-easy effect,0.0986,very_low
crp_139,"'If you're on the Do Not Call Registry, political texts can still come throu'",2024-02-23,Supported,supported,claimreview2024plus,Unknown,,Omission bias,0.2624,very_low
crp_140,"'Project 2025, a conservative coalition's plan for a future U.S. Republican presidency, proposes eliminating the federal Head Start education program.'",2024-11-25,Supported,supported,claimreview2024plus,Roger Severino,,curse of knowledge,0.2846,very_low
crp_141,"'One of Trump’s proposals is ""shutting down the Department of Education.""'",2024-08-20,Supported,supported,claimreview2024plus,Donald Trump,"[{""bias"": ""Essentialism"", ""confidence"": 0.3788}]",Essentialism,0.3788,low
crp_142,"'Project 2025, a proposed conservative blueprint for the next U.S. Republican presidential administration, has called to shut down the U.S. Department of Education.'",2024-08-14,Supported,supported,claimreview2024plus,Donald Trump,"[{""bias"": ""curse of knowledge"", ""confidence"": 0.3426}]",curse of knowledge,0.3426,low
crp_143,"'Ovia, an app for tracking reproductive health, requires users to input their country and state.'",2024-12-13,Supported,supported,claimreview2024plus,byu/BabserellaWT,,curse of knowledge,0.2301,very_low
crp_144,'Falling back to standard time is good for our health.',2024-10-29,Supported,supported,claimreview2024plus,Unknown,,curse of knowledge,0.1089,very_low
crp_145,'Spring cleaning can help your mental health',2024-03-22,Supported,supported,claimreview2024plus,Unknown,"[{""bias"": ""Reactance"", ""confidence"": 0.4149}]",Reactance,0.4149,low
crp_146,'Starbucks offers its employees healthcare plans that include coverage for gender reassignment surgery.',2024-02-29,Supported,supported,claimreview2024plus,Jonathan Stickland,,Whole only effect,0.1636,very_low
crp_147,'There is a class-action lawsuit against Novant Health.',2024-01-19,Supported,supported,claimreview2024plus,Unknown,"[{""bias"": ""Just-world hypothesis"", ""confidence"": 0.573}]",Just-world hypothesis,0.573,medium
crp_148,'The first U.S. official coin in circulation said “Mind Your Business” instead of “In God We Trust.”',2024-08-15,Supported,supported,claimreview2024plus,Reddit users,"[{""bias"": ""curse of knowledge"", ""confidence"": 0.4227}]",curse of knowledge,0.4227,low
crp_149,"'Under Joe Biden, there are “record numbers of new Black entrepreneurs”'",2024-02-13,Supported,supported,claimreview2024plus,Joe Biden,,hindsight bias,0.2248,very_low
crp_150,'It is legal for humane societies in Arizona to transfer animals to breeders.',2023-11-17,Supported,supported,claimreview2024plus,Unknown,,curse of knowledge,0.1337,very_low
crp_151,'Hamas called for end to war because of Trump’s election',2024-11-12,Misleading,misleading,claimreview2024plus,Unknown,"[{""bias"": ""Availability heuristic"", ""confidence"": 0.3306}]",Availability heuristic,0.3306,low
crp_152,"'""These [Moldovan presidential] elections were neither democratic nor fair. They were full of electoral manipulations.""'",2024-11-07,Misleading,misleading,claimreview2024plus,Dmitry Peskov,"[{""bias"": ""hindsight bias"", ""confidence"": 0.3187}]",hindsight bias,0.3187,low
crp_153,'A pre-marked dot on the U.S. election ballot makes the vote void.',2024-11-03,Misleading,misleading,claimreview2024plus,Facebook users,,Omission bias,0.1127,very_low
crp_154,'Rodrigo Duterte is running for senator in the 2025 elections.',2024-10-08,Misleading,misleading,claimreview2024plus,Unknown,,Just-world hypothesis,0.1791,very_low
crp_155,'Wilders and Le Pen “unanimously” win recent elections',2024-05-19,Misleading,misleading,claimreview2024plus,Social media users,"[{""bias"": ""Availability heuristic"", ""confidence"": 0.6901}]",Availability heuristic,0.6901,medium
crp_156,"'An 81-year-old roadside parrot astrologer was arrested from Cuddalore, Tamil Nadu by police because his parrot predicted that DMK would lose the 2024 election.'",2024-04-13,Misleading,misleading,claimreview2024plus,Unknown,"[{""bias"": ""hindsight bias"", ""confidence"": 0.6521}]",hindsight bias,0.6521,medium
crp_157,'Samantha endorsed TDP ahead of Andhra Elections',2024-03-01,Misleading,misleading,claimreview2024plus,Rajeswari Parasa,"[{""bias"": ""Availability heuristic"", ""confidence"": 0.5005}]",Availability heuristic,0.5005,medium
crp_158,'China declared a state of health emergency following new HMPV outbreak.',2025-01-07,Misleading,misleading,claimreview2024plus,X user,"[{""bias"": ""Just-world hypothesis"", ""confidence"": 0.3453}]",Just-world hypothesis,0.3453,low
crp_159,'Products from cows fed Bovaer causes health issues in humans',2024-12-13,Misleading,misleading,claimreview2024plus,X users,"[{""bias"": ""Availability heuristic"", ""confidence"": 0.3783}]",Availability heuristic,0.3783,low
crp_160,"“Rather than respecting her dignity and focusing on the mental health challenges she was facing, these groups saw an opportunity to fuel their anti-government agenda.”",2024-11-13,Misleading,misleading,claimreview2024plus,Tehran Times,,Outcome bias,0.253,very_low
crp_161,'Amendment to health act will force Malaysians to be vaccinated.',2024-10-16,Misleading,misleading,claimreview2024plus,Facebook users,,Attentional bias,0.1333,very_low
crp_162,'Great Barrier Reef broke coral population record for third year in a row',2024-06-29,Misleading,misleading,claimreview2024plus,Jo Nova,"[{""bias"": ""Availability heuristic"", ""confidence"": 0.572}]",Availability heuristic,0.572,medium
crp_163,'GRACIA LATTE is a healthy way to lose weight in one week',2024-05-01,Misleading,misleading,claimreview2024plus,Facebook users,,Availability heuristic,0.221,very_low
crp_164,'COVID-19 has symptoms similar to the flu.',2024-03-02,Supported,supported,claimreview2024plus,Donald Trump,,curse of knowledge,0.2795,very_low
crp_165,'Maddie de Garay's case shows that COVID-19 vaccines can cause functional neurological disorder and are thus harmful.',2024-01-21,Misleading,misleading,claimreview2024plus,Stephanie de Garay,"[{""bias"": ""Just-world hypothesis"", ""confidence"": 0.404}]",Just-world hypothesis,0.404,low
crp_166,'Former health minister of Italy under investigation for murder',2023-12-12,Misleading,misleading,claimreview2024plus,Alex Jones,"[{""bias"": ""Just-world hypothesis"", ""confidence"": 0.7836}]",Just-world hypothesis,0.7836,high
crp_167,'Former Italian health minister facing murder charges over COVID-19 vaccines',2023-12-12,Misleading,misleading,claimreview2024plus,Social media users,"[{""bias"": ""Just-world hypothesis"", ""confidence"": 0.6433}]",Just-world hypothesis,0.6433,medium
crp_168,'Israelis get free US healthcare',2024-01-10,Misleading,misleading,claimreview2024plus,X users,,Just-world hypothesis,0.1718,very_low
crp_169,'There is HIV inside some COVID vaccines',2025-01-04,Misleading,misleading,claimreview2024plus,Instagram users,,Just-world hypothesis,0.2769,very_low
crp_170,“Mysterious virus HMPV reported in China!”,2025-01-07,Misleading,misleading,claimreview2024plus,India TV,"[{""bias"": ""Availability heuristic"", ""confidence"": 0.6331}]",Availability heuristic,0.6331,medium
crp_171,"'George Soros and Bill Gates owned Mologic Ltd, a company producing rapid COVID-19 tests, prior to the pandemic.'",2024-11-10,Misleading,misleading,claimreview2024plus,Liz Churchill,,curse of knowledge,0.2361,very_low
crp_172,'The updated COVID-19 vaccines do “not protect against the currently dominant strain.”',2024-09-12,Misleading,misleading,claimreview2024plus,Dr. Joseph Ladapo,,Attentional bias,0.1749,very_low
crp_173,"'COVID-19 vaccines are unsafe, they cause deaths by cardiac arrest and blood clots.'",2024-10-20,Misleading,misleading,claimreview2024plus,Peter McCullough,,Just-world hypothesis,0.2503,very_low
crp_174,'More deaths from COVID-19 occurred during Biden's administration than Trump's.',2024-09-10,Misleading,misleading,claimreview2024plus,Donald Trump,,Availability heuristic,0.2782,very_low
crp_175,'mRNA COVID-19 vaccine causes cancer.',2024-09-11,Misleading,misleading,claimreview2024plus,x.com,"[{""bias"": ""curse of knowledge"", ""confidence"": 0.3635}]",curse of knowledge,0.3635,low
crp_176,'Spike protein from Covid-19 vaccines could promote cancer growth.',2024-07-01,Misleading,misleading,claimreview2024plus,America's Frontline Doctors,,Pro-Innovation Bias,0.1573,very_low
crp_177,'Study proves link between Covid-19 and sudden death',2024-06-19,Misleading,misleading,claimreview2024plus,William Makis,,Just-world hypothesis,0.2039,very_low
crp_178,'BMJ reports record excess deaths after Covid vaccine',2024-06-06,Misleading,misleading,claimreview2024plus,Alex Jones,,Just-world hypothesis,0.2373,very_low
crp_179,“Covid vaccines may have helped fuel rise in excess deaths”,2024-07-06,Misleading,misleading,claimreview2024plus,Daily Telegraph,"[{""bias"": ""Just-world hypothesis"", ""confidence"": 0.4296}]",Just-world hypothesis,0.4296,low
crp_180,"“AstraZeneca finally WITHDRAW Covid vaccine worldwide, months after the company admitted rare side effect for the first time in court documents.”",2024-05-08,Misleading,misleading,claimreview2024plus,social media users,"[{""bias"": ""curse of knowledge"", ""confidence"": 0.4493}]",curse of knowledge,0.4493,low
crp_181,'New guidance says one day of isolation is sufficient for people with COVID-19.',2024-03-02,Misleading,misleading,claimreview2024plus,Cali Dreaming NaphiSoc,,Just-world hypothesis,0.2184,very_low
crp_182,'COVID-19 has been like the flu since the beginning of the pandemic.',2024-03-02,Misleading,misleading,claimreview2024plus,Donald Trump,,Availability heuristic,0.286,very_low
crp_183,'Study of 99 million Covid vaccine recipients shows the shots are dangerous',2024-02-23,Misleading,misleading,claimreview2024plus,Del Bigtree,,Just-world hypothesis,0.2348,very_low
crp_184,'COVID-19 vaccine recipients might not be eligible for blood donation',2024-02-23,Misleading,misleading,claimreview2024plus,"Robert F. Kennedy Jr., Alex Jones",,Just-world hypothesis,0.1636,very_low
crp_185,“He [President Donald Trump] did not move on making sure that we dealt with vaccinating the American public. We ended up losing over a million people dead — a million people.”,2024-02-12,Misleading,misleading,claimreview2024plus,Glenn Kessler,,Omission bias,0.1953,very_low
crp_186,'Covid-19 vaccine worsens thyroid issues',2024-03-11,Not Enough Information,not enough information,claimreview2024plus,Austin Lake,,Attentional bias,0.2535,very_low
crp_187,"'Former U.S. President Donald Trump reneged on an offer he made to help pay the funeral costs of a murdered soldier, saying, ""It doesn't cost 60,000 bucks to bury a [expletive] Mexican!""'",2024-10-29,Not Enough Information,not enough information,claimreview2024plus,The Atlantic,,Anchoring effect,0.0792,very_low
crp_188,"'In 2020, Trump said to two people in a private conversation at the White House: ""I need the kind of generals that Hitler had.""'",2024-10-25,Not Enough Information,not enough information,claimreview2024plus,Jeffrey Goldberg,"[{""bias"": ""curse of knowledge"", ""confidence"": 0.5359}, {""bias"": ""Essentialism"", ""confidence"": 0.3861}]",curse of knowledge,0.5359,medium
crp_189,"'In 1994 or 1995, Donald Trump said of his 13-year-old daughter Ivanka, ""Is it wrong to be more sexually attracted to your own daughter than your wife?""'",2024-04-16,Not Enough Information,not enough information,claimreview2024plus,Richard Cohen,"[{""bias"": ""curse of knowledge"", ""confidence"": 0.6091}]",curse of knowledge,0.6091,medium
crp_190,"'A photo authentically depicted an officer who killed a shooter who allegedly opened fire on former U.S. President Donald Trump and ""saved"" his life.'",2024-07-13,Not Enough Information,not enough information,claimreview2024plus,social media users,"[{""bias"": ""hindsight bias"", ""confidence"": 0.3522}, {""bias"": ""clustering illusion"", ""confidence"": 0.322}]",hindsight bias,0.3522,low
crp_191,"'On Jan. 6, 2021, just prior to the start of the U.S. Capitol riot in Washington, D.C., Rep. Mark Green said of Republicans' support of then-President Donald Trump, ""The things we do for the Orange Jesus.""'",2023-11-29,Not Enough Information,not enough information,claimreview2024plus,Liz Cheney,"[{""bias"": ""curse of knowledge"", ""confidence"": 0.6221}]",curse of knowledge,0.6221,medium
crp_192,"'A Donald Trump animatronic used in Walt Disney World’s Hall of Presidents attraction was originally built to resemble Hillary Clinton, who Disney leadership believed would win the 2016 U.S. Presidential election, and then hastily refurbished to resemble Trump.'",2024-11-24,Not Enough Information,not enough information,claimreview2024plus,Anonymous former Disney Imagineer,,Bias blind spot,0.2551,very_low
crp_193,“The Ondo state governor drew more than 1.2 billion security votes in September 2024 in the week of the Edo election.”,2024-11-01,Not Enough Information,not enough information,claimreview2024plus,Lucky Aiyedatiwa (APC),"[{""bias"": ""hindsight bias"", ""confidence"": 0.5448}]",hindsight bias,0.5448,medium
crp_194,"“We have scaled up our investment in the healthcare workforce [by] employing 20,000 new healthcare workers.”",2023-11-01,Not Enough Information,not enough information,claimreview2024plus,Kenyan president William Ruto,"[{""bias"": ""curse of knowledge"", ""confidence"": 0.3545}]",curse of knowledge,0.3545,low
crp_195,'Ice extent difference on two dates confirms that climate change is not real.',2025-01-15,Misleading,misleading,claimreview2024plus,Facebook,"[{""bias"": ""Availability heuristic"", ""confidence"": 0.3744}]",Availability heuristic,0.3744,low
crp_196,'Donald Trump promoted a unified Korea under North Korean rule.',2025-01-15,Refuted,refuted,claimreview2024plus,https://perma.cc/M7FG-KHKD,,hindsight bias,0.1616,very_low
crp_197,'President-elect Donald Trump's ear shows he was not shot.',2025-01-09,Refuted,refuted,claimreview2024plus,Denise Haynes,,hindsight bias,0.2886,very_low
crp_198,"'a January 3 tweet from President-Elect Trump reading, 'Free Tony Robinson!''",2025-01-03,Refuted,refuted,claimreview2024plus,Donald Trump,"[{""bias"": ""curse of knowledge"", ""confidence"": 0.4751}]",curse of knowledge,0.4751,low
crp_199,'U.S. President-elect Donald Trump failed to place his right hand over his heart during former President Jimmy Carter's state funeral.',2025-01-13,Refuted,refuted,claimreview2024plus,Occupy Democrats,"[{""bias"": ""Availability heuristic"", ""confidence"": 0.4065}]",Availability heuristic,0.4065,low
crp_200,'Chinese hospitals overwhelmed during 'state of emergency'',2025-01-02,Refuted,refuted,claimreview2024plus,Facebook users,"[{""bias"": ""Just-world hypothesis"", ""confidence"": 0.3094}]",Just-world hypothesis,0.3094,low
crp_201,"'Mark Violet, a “known antifa extremist”, who has been identified as the Donald Trump shooter and arrested by Butler Police Department.'",2024-07-14,Refuted,refuted,claimreview2024plus,instagram user,"[{""bias"": ""Just-world hypothesis"", ""confidence"": 0.7116}]",Just-world hypothesis,0.7116,high
crp_202,"'There is a primary school Social, Personal and Health Education (SPHE) task for 10-year-olds, in which they have to match words related to sexual education to the correct definitions.'",2024-10-16,Supported,supported,claimreview2024plus,social media user,"[{""bias"": ""curse of knowledge"", ""confidence"": 0.5183}]",curse of knowledge,0.5183,medium
crp_203,"'Manifesto of Luigi Mangione, the suspect in health care executive's killing.'",2024-12-09,Refuted,refuted,claimreview2024plus,Social Media,,Availability heuristic,0.2403,very_low
crp_204,'Speaker Emerita Nancy Pelosi fall down while using a walker on the House floor during the recent certification of the 2024 election',2025-01-07,Refuted,refuted,claimreview2024plus,@PapiTrumpo,"[{""bias"": ""Just-world hypothesis"", ""confidence"": 0.7387}]",Just-world hypothesis,0.7387,high
crp_205,'All white people picnicking at Black church where Trump spoke',2024-06-17,Refuted,refuted,claimreview2024plus,Threads users,"[{""bias"": ""Availability heuristic"", ""confidence"": 0.7322}]",Availability heuristic,0.7322,high
crp_206,"'Indian national named ""Bhuvesh Patel,"" who was caught attempting to start a fire for looting in Woodland Hills, Los Angeles.'",2025-01-15,Refuted,refuted,claimreview2024plus,"X, Facebook, Instagram and YouTube","[{""bias"": ""Just-world hypothesis"", ""confidence"": 0.6345}]",Just-world hypothesis,0.6345,medium
crp_207,'Molestation of South Korean YouTuber by two men in Mumbai',2025-01-02,Refuted,refuted,claimreview2024plus,Indian Express Lighthouse Journalism,"[{""bias"": ""Just-world hypothesis"", ""confidence"": 0.9333}]",Just-world hypothesis,0.9333,high
crp_208,"'Christmas tree decorated with Ukrainian flags displayed in Berlin, Germany.'",2024-12-03,Refuted,refuted,claimreview2024plus,Dr. Simon Goddek,,Availability heuristic,0.2254,very_low
crp_209,'U.S. soldier in Germany during World War II replacing a street sign that read “Adolf-Hitler-Str.” with another that read “Roosevelt Blvd.”',2024-10-05,Supported,supported,claimreview2024plus,byu/Creepy-Strain-803,"[{""bias"": ""curse of knowledge"", ""confidence"": 0.8213}]",curse of knowledge,0.8213,high
crp_210,'French union workers grilling food on a barbecue fitted to tram tracks during a protest march.',2024-12-02,Supported,supported,claimreview2024plus,@DelegueLata,"[{""bias"": ""curse of knowledge"", ""confidence"": 0.5295}]",curse of knowledge,0.5295,medium
crp_211,'UK Prime Minister Kier Starmer as a child with alleged pedophile Jimmy Savile.',2025-01-14,Refuted,refuted,claimreview2024plus,Jim Ferguson,,Just-world hypothesis,0.276,very_low
crp_212,'Russian passport of deposed Syrian dictator Bashar al-Assad.',2024-12-19,Refuted,refuted,claimreview2024plus,Dr. Harib Al Rawahi,"[{""bias"": ""curse of knowledge"", ""confidence"": 0.4077}]",curse of knowledge,0.4077,low
crp_213,'China has declared a state of emergency',2025-01-02,Refuted,refuted,claimreview2024plus,Facebook users,"[{""bias"": ""Just-world hypothesis"", ""confidence"": 0.4637}]",Just-world hypothesis,0.4637,low
crp_214,'Jensen Huang got drunk in Vietnam in December 2024 after China's probe on Nvidia.',2024-12-15,Refuted,refuted,claimreview2024plus,Douyin users,,Whole only effect,0.1583,very_low
crp_215,'Evidence of vote-rigging more votes in 2020',2024-11-06,Refuted,refuted,claimreview2024plus,Zero Hedge,,Just-world hypothesis,0.2164,very_low
crp_216,"'Truck with ballots is from 2024, proof of election fraud.'",2024-11-05,Refuted,refuted,claimreview2024plus,Facebook users,"[{""bias"": ""Bias blind spot"", ""confidence"": 0.318}]",Bias blind spot,0.318,low
crp_217,'Trump's name on second page of CA ballot is evidence of 'election fraud'',2024-10-31,Refuted,refuted,claimreview2024plus,Instagram users,,Availability heuristic,0.2543,very_low
crp_218,"'A misspelling of Donald Trump's name on a ballot viewing screen shows ""election fraud"" in Virginia.'",2024-10-29,Refuted,refuted,claimreview2024plus,RealAF Patriot,,hindsight bias,0.205,very_low
crp_219,'Michigan has “more registered voters than eligible citizens. This creates a huge risk of election fraud.”',2024-10-19,Refuted,refuted,claimreview2024plus,X posts,,Attentional bias,0.2592,very_low
crp_220,'Fraudulently discarded Republican ballots in US election',2024-11-06,Refuted,refuted,claimreview2024plus,X users,"[{""bias"": ""Just-world hypothesis"", ""confidence"": 0.507}]",Just-world hypothesis,0.507,medium
crp_221,'CNN broadcasting poll results before Election Day 2024.',2024-11-02,Refuted,refuted,claimreview2024plus,X users,,Exaggerated expectation bias,0.2944,very_low
crp_222,'A Russian textbook claiming former U.S. President Donald Trump lost the 2020 presidential election due to voter fraud.',2024-08-12,Supported,supported,claimreview2024plus,One X user,"[{""bias"": ""Just-world hypothesis"", ""confidence"": 0.3804}]",Just-world hypothesis,0.3804,low
crp_223,'Fake fingers used for voter fraud in Indian election 2024',2024-05-01,Refuted,refuted,claimreview2024plus,Facebook users,,Availability heuristic,0.2135,very_low
crp_224,'Voting fraud where the polling agent is seen casting votes on behalf of three women.',2024-05-27,Not Enough Information,not enough information,claimreview2024plus,Unknown,"[{""bias"": ""Availability heuristic"", ""confidence"": 0.3062}]",Availability heuristic,0.3062,low
crp_225,'Photo released by the US defense department shows Biden informed of South Korean election fraud.',2024-04-11,Refuted,refuted,claimreview2024plus,pro-ruling party Facebook groups,"[{""bias"": ""Bias blind spot"", ""confidence"": 0.4011}]",Bias blind spot,0.4011,low
crp_226,South Korea voter fraud,2024-04-21,Refuted,refuted,claimreview2024plus,Gong Byeong-ho,"[{""bias"": ""Availability heuristic"", ""confidence"": 0.5672}]",Availability heuristic,0.5672,medium
crp_227,'Widespread vote rigging in South Korea's 2020 election',2024-03-08,Not Enough Information,not enough information,claimreview2024plus,lawyer Park Joo-hyun,"[{""bias"": ""Just-world hypothesis"", ""confidence"": 0.431}, {""bias"": ""Availability heuristic"", ""confidence"": 0.3519}]",Just-world hypothesis,0.431,low
crp_228,'Study Finds 1.7 Million Vaccinated Kids Now Have ‘Severe Heart Defects’',2024-11-19,Refuted,refuted,claimreview2024plus,The People's Voice,"[{""bias"": ""Just-world hypothesis"", ""confidence"": 0.3424}]",Just-world hypothesis,0.3424,low
crp_229,"""CoViD vaccine connected to O.J. Simpson's death.",2024-04-11,Refuted,refuted,claimreview2024plus,Social media users,"[{""bias"": ""hindsight bias"", ""confidence"": 0.4791}]",hindsight bias,0.4791,low
crp_230,"'Spain floods made worse by weather control, removed dams'",2024-11-14,Refuted,refuted,claimreview2024plus,social media users,,Just-world hypothesis,0.2261,very_low
crp_231,'Chemicals being sprayed in Florida skies',2024-11-30,Refuted,refuted,claimreview2024plus,X users,"[{""bias"": ""Just-world hypothesis"", ""confidence"": 0.4349}]",Just-world hypothesis,0.4349,low
crp_232,'A 360-degree image on Google Maps shows weather modification apparatus.',2024-11-07,Misleading,misleading,claimreview2024plus,Viral social media post,,clustering illusion,0.2862,very_low
crp_233,'Two white dome structures prove weather control techniques.',2024-10-15,Refuted,refuted,claimreview2024plus,facebook user,"[{""bias"": ""curse of knowledge"", ""confidence"": 0.3059}]",curse of knowledge,0.3059,low
crp_234,"'Weather control systems pushing Helene up the east coast with Nexrad, Doppler and HAARP'",2024-10-01,Refuted,refuted,claimreview2024plus,instagram.com,"[{""bias"": ""curse of knowledge"", ""confidence"": 0.5191}]",curse of knowledge,0.5191,medium
crp_235,'Hamburg was so full during recent protests that people were standing in the water.',2024-01-20,Refuted,refuted,claimreview2024plus,Björn Höcke,"[{""bias"": ""Availability heuristic"", ""confidence"": 0.3767}]",Availability heuristic,0.3767,low
crp_236,That map shows areas of the United States with high rates of gun violence vs. areas of the map with high rates of gun ownership.,2024-02-21,Refuted,refuted,claimreview2024plus,Unknown,,Survivorship bias,0.2328,very_low
crp_237,“Oprah is a sex trafficker. She’s been caught and now has to be escorted around by U.S. marshals.”,2024-09-20,Refuted,refuted,claimreview2024plus,Threads posts,,curse of knowledge,0.1976,very_low
crp_238,'Two victims of the Jeju Air crash in an embrace',2025-01-06,Refuted,refuted,claimreview2024plus,Facebook users,"[{""bias"": ""hindsight bias"", ""confidence"": 0.359}]",hindsight bias,0.359,low
crp_239,"'Ancient Greek mosaics of the 2nd century BC discovered in Zeugma, Turkey.'",2024-12-10,Refuted,refuted,claimreview2024plus,Facebook users,"[{""bias"": ""hindsight bias"", ""confidence"": 0.3214}]",hindsight bias,0.3214,low
crp_240,'US Moon landing is staged',2024-06-26,Refuted,refuted,claimreview2024plus,Weibo users,,Just-world hypothesis,0.2132,very_low
crp_241,'Newspaper photos of the moon landing published on the same day could not have been transported and developed so quickly.',2023-12-19,Refuted,refuted,claimreview2024plus,Facebook user,"[{""bias"": ""hindsight bias"", ""confidence"": 0.444}]",hindsight bias,0.444,low
crp_242,'Image shows NASA astronauts posing for picture on the moon without helmets.',2024-05-25,Refuted,refuted,claimreview2024plus,Facebook users,"[{""bias"": ""curse of knowledge"", ""confidence"": 0.7023}]",curse of knowledge,0.7023,high
crp_243,'WikiLeaks released the footage of moon landing scenes filmed in the Nevada Desert.',2024-02-11,Refuted,refuted,claimreview2024plus,WikiLeaks,,hindsight bias,0.2864,very_low
crp_244,'US Moon landing was faked.',2024-05-07,Refuted,refuted,claimreview2024plus,Weibo users,,Just-world hypothesis,0.1233,very_low
crp_245,'Pilot in Siberia accidentally switches on stratospheric aerosol injection during takeoff creating ground Chemtrail',2024-08-02,Refuted,refuted,claimreview2024plus,x.com,,Just-world hypothesis,0.181,very_low
crp_246,'Tubular clouds seen over NSW were dangerous ‘chemtrails’ released from an aircraft.',2024-06-04,Refuted,refuted,claimreview2024plus,Facebook post,"[{""bias"": ""Availability heuristic"", ""confidence"": 0.7864}]",Availability heuristic,0.7864,high
crp_247,"'Two different trails left by planes. The short one is a contrail, while the longer one, where the “trail extends for miles” and “lasts for ‘hours”, is a ‘chemtrail’.'",2024-04-15,Refuted,refuted,claimreview2024plus,facebook user,"[{""bias"": ""Time-saving bias"", ""confidence"": 0.7487}]",Time-saving bias,0.7487,high
crp_248,'Chemtrails blocking the sun.',2024-03-18,Refuted,refuted,claimreview2024plus,Facebook profile,,curse of knowledge,0.1206,very_low
crp_249,'Badges worn by pilots supporting the idea of ‘chemtrails’. The badges suggest barium is sprayed from planes.',2023-12-18,Refuted,refuted,claimreview2024plus,Public,"[{""bias"": ""curse of knowledge"", ""confidence"": 0.6548}]",curse of knowledge,0.6548,medium
crp_250,'Close-up of an aeroplane involved in geoengineering.',2023-12-04,Supported,supported,claimreview2024plus,Facebook account,,hard-easy effect,0.2342,very_low
crp_251,'A CNN broadcast captured an Ohio woman placing multiple ballots into a drop box on Election Day.',2023-11-07,Misleading,misleading,claimreview2024plus,social media users,"[{""bias"": ""Just-world hypothesis"", ""confidence"": 0.3995}]",Just-world hypothesis,0.3995,low
crp_252,"'Review article ""has found that COVID-19 mRNA vaccines could aid cancer development”'",2024-04-16,Refuted,refuted,claimreview2024plus,America's Frontline Doctors,,Pro-Innovation Bias,0.2082,very_low
crp_253,"'Trump said ""A vaccination that is like 38 different vaccines, and it looks like it’s meant for a horse, not a, you know, 10-pound or 20-pound baby. ... And then you see the baby all of a sudden starting to change radically.""'",2024-07-16,Supported,supported,claimreview2024plus,Donald Trump,"[{""bias"": ""hindsight bias"", ""confidence"": 0.735}]",hindsight bias,0.735,high
crp_254,'Clip shows 2024 anti-government protest in northern Ethiopia',2024-10-16,Refuted,refuted,claimreview2024plus,Tolera FIKRU GEMTA,"[{""bias"": ""Availability heuristic"", ""confidence"": 0.4958}]",Availability heuristic,0.4958,low
crp_255,'Neo-Nazis waving swastika flags at the Tennessee State Capitol in February 2024.',2024-02-19,Supported,supported,claimreview2024plus,Justin Pearson,,curse of knowledge,0.228,very_low
crp_256,'Former Italian Prime Minister Benito Mussolini after his attempted assassination in 1926.',2024-08-29,Supported,supported,claimreview2024plus,Reddit users,"[{""bias"": ""Just-world hypothesis"", ""confidence"": 0.4933}]",Just-world hypothesis,0.4933,low
crp_257,"'Pileup of cars on a road after flash floods hit Valencia, Spain, in October 2024.'",2024-10-31,Supported,supported,claimreview2024plus,X user @GerryHassan,"[{""bias"": ""Just-world hypothesis"", ""confidence"": 0.3129}]",Just-world hypothesis,0.3129,low
crp_258,'Italian dictator Benito Mussolini participating in a wheat harvest.',2024-10-26,Supported,supported,claimreview2024plus,X user @padresj,,clustering illusion,0.2094,very_low
crp_259,'Italian police cooking pasta for an 87-year-old woman after she called them saying she was hungry and felt alone.',2024-07-08,Supported,supported,claimreview2024plus,Polizia di Stato,"[{""bias"": ""Just-world hypothesis"", ""confidence"": 0.3842}]",Just-world hypothesis,0.3842,low
crp_260,'Louis Armstrong drawing on a fan’s forehead.',2024-09-16,Supported,supported,claimreview2024plus,social media users,"[{""bias"": ""Outcome bias"", ""confidence"": 0.3087}]",Outcome bias,0.3087,low
crp_261,'Migrant in France urinating on a girl while she sat on a bench.',2024-05-28,Not Enough Information,not enough information,claimreview2024plus,X account @TRobinsonNewEra,"[{""bias"": ""Just-world hypothesis"", ""confidence"": 0.8997}]",Just-world hypothesis,0.8997,high
crp_262,'Dutch Prime Minister Mark Rutte towering over Russian President Vladimir Putin.',2024-04-02,Supported,supported,claimreview2024plus,Reddit users,,curse of knowledge,0.2055,very_low
crp_263,'An elderly woman voting in the presence of an armed and masked soldier during the March 2024 Russian presidential elections.',2024-03-15,Supported,supported,claimreview2024plus,Reddit users,,curse of knowledge,0.227,very_low
crp_264,"'Russian kids sing ""I will grow up to be a military chemist, I'll make bombs from dough"" on state TV'",2024-02-07,Supported,supported,claimreview2024plus,Anton Gerashchenko,"[{""bias"": ""curse of knowledge"", ""confidence"": 0.8651}]",curse of knowledge,0.8651,high
crp_265,'An actual electronic billboard in Moscow displaying this quote from Russian President Vladimir Putin: “Russia’s borders do not end anywhere.”',2024-01-16,Supported,supported,claimreview2024plus,Steve Rosenberg,"[{""bias"": ""curse of knowledge"", ""confidence"": 0.7505}]",curse of knowledge,0.7505,high
crp_266,'Russian President Vladimir Putin speaking with regional leaders at an enormous but sparsely populated table.',2024-01-09,Supported,supported,claimreview2024plus,Reddit users,"[{""bias"": ""Availability heuristic"", ""confidence"": 0.3662}]",Availability heuristic,0.3662,low
crp_267,'UFC fighter Conor McGregor putting his arm around Russian President Vladimir Putin for a photo-op before removing it after someone in Putin's entourage tells him not to.',2024-01-03,Supported,supported,claimreview2024plus,Historic Vids,,curse of knowledge,0.2617,very_low
crp_268,"'In 2023, two people used an excavator to clear a path through the Great Wall of China.'",2024-09-01,Supported,supported,claimreview2024plus,Youyu County Public Security Bureau,"[{""bias"": ""Outcome bias"", ""confidence"": 0.4652}]",Outcome bias,0.4652,low
crp_269,"'Circular ""experimental forestry"" project in Japan.'",2024-10-04,Supported,supported,claimreview2024plus,Reddit users,,curse of knowledge,0.2151,very_low
crp_270,'Marilyn Monroe visiting injured U.S. troops in Japan in 1954.',2024-02-11,Supported,supported,claimreview2024plus,mademesmile community on Reddit,,hindsight bias,0.1771,very_low
crp_271,'An estimated 280-million-year-old fossil found in Australia.',2024-06-12,Supported,supported,claimreview2024plus,Tom Kapitany,"[{""bias"": ""hindsight bias"", ""confidence"": 0.5}]",hindsight bias,0.5,low
crp_272,A photographer from the town of Dildo in the Canadian Province of Newfoundland captured a photograph of a phallic-shaped iceberg.,2024-04-23,Supported,supported,claimreview2024plus,byu/DogeDoRight,"[{""bias"": ""curse of knowledge"", ""confidence"": 0.6334}]",curse of knowledge,0.6334,medium
crp_273,'A lake in Finland is shaped like Finland itself.',2024-06-21,Supported,supported,claimreview2024plus,Social media accounts and websites dedicated to quirky travel content,,curse of knowledge,0.213,very_low
crp_274,"'U.S. President Joe Biden playfully ""nibbling"" on the shoulder of a child who appears to be a toddler-aged girl.'",2024-01-31,Supported,supported,claimreview2024plus,X users,"[{""bias"": ""clustering illusion"", ""confidence"": 0.302}]",clustering illusion,0.302,low
crp_275,"'The gravesites of a Catholic wife and Protestant husband, situated in separate cemeteries because the couple was not permitted to be buried together.'",2024-05-27,Supported,supported,claimreview2024plus,Fascinating,"[{""bias"": ""Subjective validation"", ""confidence"": 0.3353}]",Subjective validation,0.3353,low
crp_276,"'A ""suicide pod"" designed for assisted suicide sitting in a Swiss forest, where it was used by a U.S. woman to take her own life.'",2024-09-25,Supported,supported,claimreview2024plus,The Last Resort,,hindsight bias,0.2617,very_low
crp_277,'Slovakian Prime Minister Robert Fico being dragged into a car after being shot.',2024-05-16,Supported,supported,claimreview2024plus,Petit Press,"[{""bias"": ""Just-world hypothesis"", ""confidence"": 0.6832}]",Just-world hypothesis,0.6832,medium
crp_278,"'In April 2024, orange-hued images authentically depicted Athens, Greece, after it was hit by Saharan dust storm.'",2024-04-25,Supported,supported,claimreview2024plus,Reddit user @threafold,"[{""bias"": ""Outcome bias"", ""confidence"": 0.3883}]",Outcome bias,0.3883,low
crp_279,'Turkish flag doodled by Drone over Raisi helicopter crash site',2024-05-21,Supported,supported,claimreview2024plus,IntelCrab,"[{""bias"": ""Availability heuristic"", ""confidence"": 0.5609}]",Availability heuristic,0.5609,medium
crp_280,'Vandalism of Hindu Goddess Kali Idol in Bangladesh',2024-12-02,Refuted,refuted,claimreview2024plus,Facebook users,,curse of knowledge,0.2084,very_low
crp_281,"'In 2005, Britain's Prince Harry was photographed wearing a Nazi costume at a party.'",2021-03-12,Supported,supported,claimreview2024plus,The Sun,"[{""bias"": ""Just-world hypothesis"", ""confidence"": 0.3629}]",Just-world hypothesis,0.3629,low
crp_282,'Jazz legend Louis Armstrong drawing a trumpet on a fan’s head in France.',2024-09-16,Supported,supported,claimreview2024plus,social media users,,curse of knowledge,0.272,very_low
crp_283,'The world's shortest international bridge connects a homeowner's property that spans both Canada and the U.S.',2024-05-28,Refuted,refuted,claimreview2024plus,social media users,"[{""bias"": ""curse of knowledge"", ""confidence"": 0.3696}]",curse of knowledge,0.3696,low
crp_284,'ISIS transporting oil to Turkey.',2025-01-05,Misleading,misleading,claimreview2024plus,x.com,,Availability heuristic,0.1644,very_low
crp_285,'Dire state of an inmate at infamous Saydnaya prison in Syria.',2024-12-10,Refuted,refuted,claimreview2024plus,social media users,"[{""bias"": ""Just-world hypothesis"", ""confidence"": 0.5582}]",Just-world hypothesis,0.5582,medium
crp_286,'A woman burns a French flag during a pro-Palestinian rally in France.',2024-06-19,Refuted,refuted,claimreview2024plus,Facebook users,,Availability heuristic,0.2114,very_low
crp_287,'Rohingya refugees being transported from Bangladesh to Indonesia',2023-12-11,Refuted,refuted,claimreview2024plus,"AFP Indonesia, AFP Bangladesh",,Availability heuristic,0.2124,very_low
crp_288,'A photograph shows a “young Bill Gates” riding a bicycle in the 1970s.',2023-12-13,Not Enough Information,not enough information,claimreview2024plus,Reddit users,,curse of knowledge,0.2181,very_low
crp_289,'Elon Musk called Bill Gates “evil” on social media platform X.',2023-11-10,Supported,supported,claimreview2024plus,SpaceXMania.com,,hindsight bias,0.2765,very_low
crp_290,"'Russian President Vladimir Putin brought his pet black Labrador to a 2007 meeting with then-German Chancellor Angela Merkel, even though she fears dogs.'",2024-03-25,Supported,supported,claimreview2024plus,Reddit users,"[{""bias"": ""curse of knowledge"", ""confidence"": 0.6544}]",curse of knowledge,0.6544,medium
crp_291,"“We then overthrow the Ukraine government, in 2014, their elected government, and put in a Western sympathetic government.”",2024-01-08,Not Enough Information,not enough information,claimreview2024plus,Robert F. Kennedy Jr.,,curse of knowledge,0.2674,very_low
crp_292,'The 2014 Euromaidan protests in Ukraine were a coup',2024-02-08,Refuted,refuted,claimreview2024plus,Vladimir Putin,"[{""bias"": ""hindsight bias"", ""confidence"": 0.3914}]",hindsight bias,0.3914,low
crp_293,"'Russian President Vladimir Putin said of LGBTQ+ rights, ""As long as I am the president of Russia, we will not have parent one and parent two. We will have mom and dad.""'",2024-04-02,Supported,supported,claimreview2024plus,Mario Nawfal,"[{""bias"": ""curse of knowledge"", ""confidence"": 0.6464}]",curse of knowledge,0.6464,medium
crp_294,'Republican vice presidential nominee and Ohio Sen. JD Vance once said parents should have a bigger say in U.S. democracy than non-parents.',2024-07-19,Supported,supported,claimreview2024plus,Sen. JD Vance of Ohio,"[{""bias"": ""curse of knowledge"", ""confidence"": 0.4011}]",curse of knowledge,0.4011,low
crp_295,"'British statesman Winston Churchill once said, “The best argument against democracy is a five-minute conversation with the average voter.”'",2024-12-03,Refuted,refuted,claimreview2024plus,Winston Churchill,"[{""bias"": ""curse of knowledge"", ""confidence"": 0.4254}, {""bias"": ""Essentialism"", ""confidence"": 0.3089}]",curse of knowledge,0.4254,low
crp_296,"'U.S. President-elect Donald Trump said that if Israeli hostages held by Hamas ""are not back by the time I get into office, all hell will break out in the Middle East.""'",2025-01-15,Supported,supported,claimreview2024plus,Donald Trump,,Normalcy bias,0.1843,very_low
crp_297,'Kamala Harris Failed To Top Joe Biden's 2020 Election Results In Any County',2024-11-06,Refuted,refuted,claimreview2024plus,x.com,"[{""bias"": ""Availability heuristic"", ""confidence"": 0.6145}]",Availability heuristic,0.6145,medium
crp_298,'Trump Deported More Migrants Than Biden',2024-12-10,Refuted,refuted,claimreview2024plus,Senator Lindsey Graham,,Availability heuristic,0.1516,very_low
crp_299,"'Hunter Biden was ""singled out"" and ""unfairly"" prosecuted ""only because he is my son.""'",2024-12-01,Not Enough Information,not enough information,claimreview2024plus,President Joe Biden,"[{""bias"": ""Just-world hypothesis"", ""confidence"": 0.3745}]",Just-world hypothesis,0.3745,low
